gene_ontology_primary_id	gene_ontology_name	gene_ontology_all_ids	gene
GO:0009631	cold acclimation	GO:0009631	AT1G36160
GO:0009631	cold acclimation	GO:0009631	AT1G76180
GO:0009631	cold acclimation	GO:0009631	AT2G21490
GO:0009631	cold acclimation	GO:0009631	AT3G50980
GO:0009631	cold acclimation	GO:0009631	AT4G04920
GO:0009631	cold acclimation	GO:0009631	AT2G42540
GO:0009631	cold acclimation	GO:0009631	AT1G56070
GO:0009631	cold acclimation	GO:0009631	AT5G67590
GO:0009631	cold acclimation	GO:0009631	AT1G74960
GO:0009631	cold acclimation	GO:0009631	AT4G16420
GO:0009631	cold acclimation	GO:0009631	AT1G29395
GO:0009631	cold acclimation	GO:0009631	AT2G15970
GO:0009631	cold acclimation	GO:0009631	AT2G38170
GO:0009631	cold acclimation	GO:0009631	AT4G29810
GO:0009631	cold acclimation	GO:0009631	AT1G20440
GO:0009631	cold acclimation	GO:0009631	AT1G20450
GO:0009631	cold acclimation	GO:0009631	AT3G50970
GO:0009631	cold acclimation	GO:0009631	AT5G66400
GO:0009631	cold acclimation	GO:0009631	AT4G25470
GO:0009631	cold acclimation	GO:0009631	AT5G59820
GO:0009631	cold acclimation	GO:0009631	AT1G10760
GO:0009631	cold acclimation	GO:0009631	AT4G15910
GO:0009631	cold acclimation	GO:0009631	AT3G26420
GO:0009631	cold acclimation	GO:0009631	AT4G13850
GO:0009631	cold acclimation	GO:0009631	AT4G04800
GO:0009631	cold acclimation	GO:0009631	AT4G25480
GO:0009631	cold acclimation	GO:0009631	AT4G25490
GO:0009631	cold acclimation	GO:0009631	AT1G29390
GO:0009631	cold acclimation	GO:0009631	AT4G36020
GO:0009631	cold acclimation	GO:0009631	AT4G38680
GO:0009631	cold acclimation	GO:0009631	AT2G17870
GO:0009631	cold acclimation	GO:0009631	AT1G43620
GO:0009631	cold acclimation	GO:0009631	AT3G07020
GO:0009631	cold acclimation	GO:0009631	AT5G54590
GO:0009631	cold acclimation	GO:0009631	AT4G12470
GO:0009631	cold acclimation	GO:0009631	AT5G15960
GO:0009631	cold acclimation	GO:0009631	AT1G77490
GO:0009631	cold acclimation	GO:0009631	AT3G53460
GO:0009631	cold acclimation	GO:0009631	AT4G24770
GO:0009631	cold acclimation	GO:0009631	AT1G28520
GO:0009631	cold acclimation	GO:0009631	AT4G08500
GO:0009631	cold acclimation	GO:0009631	AT1G11760
GO:0009631	cold acclimation	GO:0009631	AT3G04740
GO:0009631	cold acclimation	GO:0009631	AT2G42530
GO:0009631	cold acclimation	GO:0009631	AT5G38480
GO:0009631	cold acclimation	GO:0009631	AT3G55580
GO:0009631	cold acclimation	GO:0009631	AT1G19120
GO:0009631	cold acclimation	GO:0009631	AT3G14080
GO:0009631	cold acclimation	GO:0009631	AT5G50950
GO:0018298	protein-chromophore linkage	GO:0018298	AT1G09570
GO:0018298	protein-chromophore linkage	GO:0018298	AT1G15820
GO:0018298	protein-chromophore linkage	GO:0018298	AT1G19150
GO:0018298	protein-chromophore linkage	GO:0018298	AT1G29930
GO:0018298	protein-chromophore linkage	GO:0018298	AT1G45474
GO:0018298	protein-chromophore linkage	GO:0018298	AT1G61520
GO:0018298	protein-chromophore linkage	GO:0018298	AT1G68050
GO:0018298	protein-chromophore linkage	GO:0018298	AT2G02710
GO:0018298	protein-chromophore linkage	GO:0018298	AT2G05100
GO:0018298	protein-chromophore linkage	GO:0018298	AT2G18790
GO:0018298	protein-chromophore linkage	GO:0018298	AT2G18915
GO:0018298	protein-chromophore linkage	GO:0018298	AT2G34420
GO:0018298	protein-chromophore linkage	GO:0018298	AT2G34430
GO:0018298	protein-chromophore linkage	GO:0018298	AT2G40100
GO:0018298	protein-chromophore linkage	GO:0018298	AT2G47590
GO:0018298	protein-chromophore linkage	GO:0018298	AT3G08940
GO:0018298	protein-chromophore linkage	GO:0018298	AT3G27690
GO:0018298	protein-chromophore linkage	GO:0018298	AT3G45780
GO:0018298	protein-chromophore linkage	GO:0018298	AT3G47470
GO:0018298	protein-chromophore linkage	GO:0018298	AT3G54890
GO:0018298	protein-chromophore linkage	GO:0018298	AT3G61470
GO:0018298	protein-chromophore linkage	GO:0018298	AT4G10340
GO:0018298	protein-chromophore linkage	GO:0018298	AT4G18130
GO:0018298	protein-chromophore linkage	GO:0018298	AT5G01530
GO:0018298	protein-chromophore linkage	GO:0018298	AT5G24850
GO:0018298	protein-chromophore linkage	GO:0018298	AT5G35840
GO:0018298	protein-chromophore linkage	GO:0018298	AT5G54270
GO:0018298	protein-chromophore linkage	GO:0018298	AT5G57360
GO:0018298	protein-chromophore linkage	GO:0018298	AT5G58140
GO:0018298	protein-chromophore linkage	GO:0018298	AT5G63860
GO:0034285	response to disaccharide	GO:0009744;GO:0034285	AT5G44110
GO:0034285	response to disaccharide	GO:0009744;GO:0034285	AT5G65420
GO:0034285	response to disaccharide	GO:0009744;GO:0034285	AT5G20830
GO:0034285	response to disaccharide	GO:0009744;GO:0034285	AT5G45890
GO:0034285	response to disaccharide	GO:0009744;GO:0034285	AT3G06850
GO:0034285	response to disaccharide	GO:0009744;GO:0034285	AT3G13450
GO:0034285	response to disaccharide	GO:0009744;GO:0034285	AT2G22490
GO:0034285	response to disaccharide	GO:0009744;GO:0034285	AT4G34160
GO:0034285	response to disaccharide	GO:0009744;GO:0034285	AT1G67070
GO:0034285	response to disaccharide	GO:0009744;GO:0034285	AT5G03730
GO:0034285	response to disaccharide	GO:0009744;GO:0034285	AT1G69780
GO:0034285	response to disaccharide	GO:0009744;GO:0034285	AT1G21400
GO:0034285	response to disaccharide	GO:0009744;GO:0034285	AT5G03840
GO:0034285	response to disaccharide	GO:0009744;GO:0034285	AT4G38630
GO:0034285	response to disaccharide	GO:0009744;GO:0034285	AT1G42970
GO:0034285	response to disaccharide	GO:0009744;GO:0034285	AT2G47400
GO:0034285	response to disaccharide	GO:0009744;GO:0034285	AT3G26650
GO:0034285	response to disaccharide	GO:0009744;GO:0034285	AT3G62410
GO:0034285	response to disaccharide	GO:0009744;GO:0034285	AT1G10840
GO:0034285	response to disaccharide	GO:0009744;GO:0034285	AT3G54320
GO:0034285	response to disaccharide	GO:0009744;GO:0034285	AT2G30470
GO:0034285	response to disaccharide	GO:0009744;GO:0034285	AT2G01830
GO:0034285	response to disaccharide	GO:0009744;GO:0034285	AT5G08790
GO:0034285	response to disaccharide	GO:0009744;GO:0034285	AT2G24150
GO:0034285	response to disaccharide	GO:0009744;GO:0034285	AT4G30850
GO:0034285	response to disaccharide	GO:0009744;GO:0034285	AT4G37680
GO:0034285	response to disaccharide	GO:0009744;GO:0034285	AT4G38320
GO:0034285	response to disaccharide	GO:0009744;GO:0034285	AT5G20270
GO:0034285	response to disaccharide	GO:0009744;GO:0034285	AT1G20950
GO:0034285	response to disaccharide	GO:0009744;GO:0034285	AT1G28330
GO:0034285	response to disaccharide	GO:0009744;GO:0034285	AT1G61800
GO:0034285	response to disaccharide	GO:0009744;GO:0034285	AT1G74670
GO:0034285	response to disaccharide	GO:0009744;GO:0034285	AT2G28900
GO:0034285	response to disaccharide	GO:0009744;GO:0034285	AT3G47340
GO:0034285	response to disaccharide	GO:0009744;GO:0034285	AT4G37220
GO:0034285	response to disaccharide	GO:0009744;GO:0034285	AT5G41670
GO:0034285	response to disaccharide	GO:0009744;GO:0034285	AT3G11220
GO:0034285	response to disaccharide	GO:0009744;GO:0034285	AT1G31930
GO:0034285	response to disaccharide	GO:0009744;GO:0034285	AT2G23460
GO:0034285	response to disaccharide	GO:0009744;GO:0034285	AT4G34390
GO:0034285	response to disaccharide	GO:0009744;GO:0034285	AT1G08830
GO:0034285	response to disaccharide	GO:0009744;GO:0034285	AT2G28190
GO:0034285	response to disaccharide	GO:0009744;GO:0034285	AT1G77120
GO:0034285	response to disaccharide	GO:0009744;GO:0034285	AT2G39990
GO:0034285	response to disaccharide	GO:0009744;GO:0034285	AT1G72320
GO:0034285	response to disaccharide	GO:0009744;GO:0034285	AT1G16880
GO:0034285	response to disaccharide	GO:0009744;GO:0034285	AT3G12700
GO:0034285	response to disaccharide	GO:0009744;GO:0034285	AT1G15440
GO:0034285	response to disaccharide	GO:0009744;GO:0034285	AT3G16690
GO:0034285	response to disaccharide	GO:0009744;GO:0034285	AT3G04120
GO:0034285	response to disaccharide	GO:0009744;GO:0034285	AT5G04140
GO:0034285	response to disaccharide	GO:0009744;GO:0034285	AT4G01900
GO:0034285	response to disaccharide	GO:0009744;GO:0034285	AT3G52430
GO:0033013	tetrapyrrole metabolic process	GO:0006778;GO:0006779;GO:0015994;GO:0015995;GO:0033013;GO:0033014	AT2G26540
GO:0033013	tetrapyrrole metabolic process	GO:0006778;GO:0006779;GO:0015994;GO:0015995;GO:0033013;GO:0033014	AT5G40850
GO:0033013	tetrapyrrole metabolic process	GO:0006778;GO:0006779;GO:0015994;GO:0015995;GO:0033013;GO:0033014	AT5G63290
GO:0033013	tetrapyrrole metabolic process	GO:0006778;GO:0006779;GO:0015994;GO:0015995;GO:0033013;GO:0033014	AT1G03475
GO:0033013	tetrapyrrole metabolic process	GO:0006778;GO:0006779;GO:0015994;GO:0015995;GO:0033013;GO:0033014	AT1G09940
GO:0033013	tetrapyrrole metabolic process	GO:0006778;GO:0006779;GO:0015994;GO:0015995;GO:0033013;GO:0033014	AT1G58290
GO:0033013	tetrapyrrole metabolic process	GO:0006778;GO:0006779;GO:0015994;GO:0015995;GO:0033013;GO:0033014	AT1G69740
GO:0033013	tetrapyrrole metabolic process	GO:0006778;GO:0006779;GO:0015994;GO:0015995;GO:0033013;GO:0033014	AT2G40490
GO:0033013	tetrapyrrole metabolic process	GO:0006778;GO:0006779;GO:0015994;GO:0015995;GO:0033013;GO:0033014	AT3G14930
GO:0033013	tetrapyrrole metabolic process	GO:0006778;GO:0006779;GO:0015994;GO:0015995;GO:0033013;GO:0033014	AT3G48730
GO:0033013	tetrapyrrole metabolic process	GO:0006778;GO:0006779;GO:0015994;GO:0015995;GO:0033013;GO:0033014	AT4G01690
GO:0033013	tetrapyrrole metabolic process	GO:0006778;GO:0006779;GO:0015994;GO:0015995;GO:0033013;GO:0033014	AT4G03205
GO:0033013	tetrapyrrole metabolic process	GO:0006778;GO:0006779;GO:0015994;GO:0015995;GO:0033013;GO:0033014	AT5G08280
GO:0033013	tetrapyrrole metabolic process	GO:0006778;GO:0006779;GO:0015994;GO:0015995;GO:0033013;GO:0033014	AT5G14220
GO:0033013	tetrapyrrole metabolic process	GO:0006778;GO:0006779;GO:0015994;GO:0015995;GO:0033013;GO:0033014	AT5G63570
GO:0033013	tetrapyrrole metabolic process	GO:0006778;GO:0006779;GO:0015994;GO:0015995;GO:0033013;GO:0033014	AT2G30390
GO:0033013	tetrapyrrole metabolic process	GO:0006778;GO:0006779;GO:0015994;GO:0015995;GO:0033013;GO:0033014	AT2G44520
GO:0033013	tetrapyrrole metabolic process	GO:0006778;GO:0006779;GO:0015994;GO:0015995;GO:0033013;GO:0033014	AT3G21200
GO:0033013	tetrapyrrole metabolic process	GO:0006778;GO:0006779;GO:0015994;GO:0015995;GO:0033013;GO:0033014	AT5G26030
GO:0033013	tetrapyrrole metabolic process	GO:0006778;GO:0006779;GO:0015994;GO:0015995;GO:0033013;GO:0033014	AT5G56090
GO:0033013	tetrapyrrole metabolic process	GO:0006778;GO:0006779;GO:0015994;GO:0015995;GO:0033013;GO:0033014	AT1G69720
GO:0033013	tetrapyrrole metabolic process	GO:0006778;GO:0006779;GO:0015994;GO:0015995;GO:0033013;GO:0033014	AT2G26550
GO:0033013	tetrapyrrole metabolic process	GO:0006778;GO:0006779;GO:0015994;GO:0015995;GO:0033013;GO:0033014	AT2G26670
GO:0033013	tetrapyrrole metabolic process	GO:0006778;GO:0006779;GO:0015994;GO:0015995;GO:0033013;GO:0033014	AT1G03630
GO:0033013	tetrapyrrole metabolic process	GO:0006778;GO:0006779;GO:0015994;GO:0015995;GO:0033013;GO:0033014	AT1G08520
GO:0033013	tetrapyrrole metabolic process	GO:0006778;GO:0006779;GO:0015994;GO:0015995;GO:0033013;GO:0033014	AT1G44446
GO:0033013	tetrapyrrole metabolic process	GO:0006778;GO:0006779;GO:0015994;GO:0015995;GO:0033013;GO:0033014	AT1G74470
GO:0033013	tetrapyrrole metabolic process	GO:0006778;GO:0006779;GO:0015994;GO:0015995;GO:0033013;GO:0033014	AT3G51820
GO:0033013	tetrapyrrole metabolic process	GO:0006778;GO:0006779;GO:0015994;GO:0015995;GO:0033013;GO:0033014	AT3G56940
GO:0033013	tetrapyrrole metabolic process	GO:0006778;GO:0006779;GO:0015994;GO:0015995;GO:0033013;GO:0033014	AT4G18480
GO:0033013	tetrapyrrole metabolic process	GO:0006778;GO:0006779;GO:0015994;GO:0015995;GO:0033013;GO:0033014	AT4G25080
GO:0033013	tetrapyrrole metabolic process	GO:0006778;GO:0006779;GO:0015994;GO:0015995;GO:0033013;GO:0033014	AT4G27440
GO:0033013	tetrapyrrole metabolic process	GO:0006778;GO:0006779;GO:0015994;GO:0015995;GO:0033013;GO:0033014	AT5G13630
GO:0033013	tetrapyrrole metabolic process	GO:0006778;GO:0006779;GO:0015994;GO:0015995;GO:0033013;GO:0033014	AT5G16440
GO:0033013	tetrapyrrole metabolic process	GO:0006778;GO:0006779;GO:0015994;GO:0015995;GO:0033013;GO:0033014	AT5G18660
GO:0033013	tetrapyrrole metabolic process	GO:0006778;GO:0006779;GO:0015994;GO:0015995;GO:0033013;GO:0033014	AT5G45930
GO:0033013	tetrapyrrole metabolic process	GO:0006778;GO:0006779;GO:0015994;GO:0015995;GO:0033013;GO:0033014	AT1G19670
GO:0033013	tetrapyrrole metabolic process	GO:0006778;GO:0006779;GO:0015994;GO:0015995;GO:0033013;GO:0033014	AT3G44880
GO:0033013	tetrapyrrole metabolic process	GO:0006778;GO:0006779;GO:0015994;GO:0015995;GO:0033013;GO:0033014	AT4G37000
GO:0033013	tetrapyrrole metabolic process	GO:0006778;GO:0006779;GO:0015994;GO:0015995;GO:0033013;GO:0033014	AT5G43860
GO:0033013	tetrapyrrole metabolic process	GO:0006778;GO:0006779;GO:0015994;GO:0015995;GO:0033013;GO:0033014	AT1G50170
GO:0033013	tetrapyrrole metabolic process	GO:0006778;GO:0006779;GO:0015994;GO:0015995;GO:0033013;GO:0033014	AT4G15560
GO:0033013	tetrapyrrole metabolic process	GO:0006778;GO:0006779;GO:0015994;GO:0015995;GO:0033013;GO:0033014	AT3G14110
GO:0033013	tetrapyrrole metabolic process	GO:0006778;GO:0006779;GO:0015994;GO:0015995;GO:0033013;GO:0033014	AT2G20180
GO:0033013	tetrapyrrole metabolic process	GO:0006778;GO:0006779;GO:0015994;GO:0015995;GO:0033013;GO:0033014	AT1G10670
GO:0033013	tetrapyrrole metabolic process	GO:0006778;GO:0006779;GO:0015994;GO:0015995;GO:0033013;GO:0033014	AT3G59400
GO:0033013	tetrapyrrole metabolic process	GO:0006778;GO:0006779;GO:0015994;GO:0015995;GO:0033013;GO:0033014	AT1G63970
GO:0033013	tetrapyrrole metabolic process	GO:0006778;GO:0006779;GO:0015994;GO:0015995;GO:0033013;GO:0033014	AT1G08550
GO:0033013	tetrapyrrole metabolic process	GO:0006778;GO:0006779;GO:0015994;GO:0015995;GO:0033013;GO:0033014	AT4G32770
GO:0033013	tetrapyrrole metabolic process	GO:0006778;GO:0006779;GO:0015994;GO:0015995;GO:0033013;GO:0033014	AT5G01410
GO:0033013	tetrapyrrole metabolic process	GO:0006778;GO:0006779;GO:0015994;GO:0015995;GO:0033013;GO:0033014	AT5G43430
GO:0033013	tetrapyrrole metabolic process	GO:0006778;GO:0006779;GO:0015994;GO:0015995;GO:0033013;GO:0033014	AT4G22920
GO:0033013	tetrapyrrole metabolic process	GO:0006778;GO:0006779;GO:0015994;GO:0015995;GO:0033013;GO:0033014	AT3G01910
GO:0033013	tetrapyrrole metabolic process	GO:0006778;GO:0006779;GO:0015994;GO:0015995;GO:0033013;GO:0033014	AT1G78600
GO:0033013	tetrapyrrole metabolic process	GO:0006778;GO:0006779;GO:0015994;GO:0015995;GO:0033013;GO:0033014	AT5G13800
GO:0033013	tetrapyrrole metabolic process	GO:0006778;GO:0006779;GO:0015994;GO:0015995;GO:0033013;GO:0033014	AT4G13250
GO:0033013	tetrapyrrole metabolic process	GO:0006778;GO:0006779;GO:0015994;GO:0015995;GO:0033013;GO:0033014	AT5G04900
GO:0033013	tetrapyrrole metabolic process	GO:0006778;GO:0006779;GO:0015994;GO:0015995;GO:0033013;GO:0033014	AT2G47770
GO:0033013	tetrapyrrole metabolic process	GO:0006778;GO:0006779;GO:0015994;GO:0015995;GO:0033013;GO:0033014	AT1G04620
GO:0033013	tetrapyrrole metabolic process	GO:0006778;GO:0006779;GO:0015994;GO:0015995;GO:0033013;GO:0033014	AT4G01660
GO:0033013	tetrapyrrole metabolic process	GO:0006778;GO:0006779;GO:0015994;GO:0015995;GO:0033013;GO:0033014	AT4G31390
GO:0033013	tetrapyrrole metabolic process	GO:0006778;GO:0006779;GO:0015994;GO:0015995;GO:0033013;GO:0033014	AT2G20890
GO:0033013	tetrapyrrole metabolic process	GO:0006778;GO:0006779;GO:0015994;GO:0015995;GO:0033013;GO:0033014	AT2G40400
GO:0033013	tetrapyrrole metabolic process	GO:0006778;GO:0006779;GO:0015994;GO:0015995;GO:0033013;GO:0033014	AT5G38520
GO:0033013	tetrapyrrole metabolic process	GO:0006778;GO:0006779;GO:0015994;GO:0015995;GO:0033013;GO:0033014	AT5G54190
GO:0033013	tetrapyrrole metabolic process	GO:0006778;GO:0006779;GO:0015994;GO:0015995;GO:0033013;GO:0033014	AT3G02780
GO:0033013	tetrapyrrole metabolic process	GO:0006778;GO:0006779;GO:0015994;GO:0015995;GO:0033013;GO:0033014	AT4G27430
GO:0033013	tetrapyrrole metabolic process	GO:0006778;GO:0006779;GO:0015994;GO:0015995;GO:0033013;GO:0033014	AT3G09150
GO:0033013	tetrapyrrole metabolic process	GO:0006778;GO:0006779;GO:0015994;GO:0015995;GO:0033013;GO:0033014	AT2G36680
GO:0006081	cellular aldehyde metabolic process	GO:0006081;GO:0019682	AT1G44170
GO:0006081	cellular aldehyde metabolic process	GO:0006081;GO:0019682	AT3G66658
GO:0006081	cellular aldehyde metabolic process	GO:0006081;GO:0019682	AT4G34240
GO:0006081	cellular aldehyde metabolic process	GO:0006081;GO:0019682	AT4G36250
GO:0006081	cellular aldehyde metabolic process	GO:0006081;GO:0019682	AT2G05710
GO:0006081	cellular aldehyde metabolic process	GO:0006081;GO:0019682	AT2G22780
GO:0006081	cellular aldehyde metabolic process	GO:0006081;GO:0019682	AT3G21720
GO:0006081	cellular aldehyde metabolic process	GO:0006081;GO:0019682	AT4G26970
GO:0006081	cellular aldehyde metabolic process	GO:0006081;GO:0019682	AT5G03860
GO:0006081	cellular aldehyde metabolic process	GO:0006081;GO:0019682	AT5G09660
GO:0006081	cellular aldehyde metabolic process	GO:0006081;GO:0019682	AT1G09420
GO:0006081	cellular aldehyde metabolic process	GO:0006081;GO:0019682	AT1G71170
GO:0006081	cellular aldehyde metabolic process	GO:0006081;GO:0019682	AT2G01140
GO:0006081	cellular aldehyde metabolic process	GO:0006081;GO:0019682	AT2G21330
GO:0006081	cellular aldehyde metabolic process	GO:0006081;GO:0019682	AT2G36460
GO:0006081	cellular aldehyde metabolic process	GO:0006081;GO:0019682	AT3G02360
GO:0006081	cellular aldehyde metabolic process	GO:0006081;GO:0019682	AT3G27300
GO:0006081	cellular aldehyde metabolic process	GO:0006081;GO:0019682	AT3G52930
GO:0006081	cellular aldehyde metabolic process	GO:0006081;GO:0019682	AT3G55440
GO:0006081	cellular aldehyde metabolic process	GO:0006081;GO:0019682	AT4G26520
GO:0006081	cellular aldehyde metabolic process	GO:0006081;GO:0019682	AT4G38970
GO:0006081	cellular aldehyde metabolic process	GO:0006081;GO:0019682	AT5G03690
GO:0006081	cellular aldehyde metabolic process	GO:0006081;GO:0019682	AT5G13420
GO:0006081	cellular aldehyde metabolic process	GO:0006081;GO:0019682	AT5G57655
GO:0006081	cellular aldehyde metabolic process	GO:0006081;GO:0019682	AT1G71100
GO:0006081	cellular aldehyde metabolic process	GO:0006081;GO:0019682	AT2G01290
GO:0006081	cellular aldehyde metabolic process	GO:0006081;GO:0019682	AT3G04790
GO:0006081	cellular aldehyde metabolic process	GO:0006081;GO:0019682	AT5G44520
GO:0006081	cellular aldehyde metabolic process	GO:0006081;GO:0019682	AT5G61410
GO:0006081	cellular aldehyde metabolic process	GO:0006081;GO:0019682	AT5G37850
GO:0006081	cellular aldehyde metabolic process	GO:0006081;GO:0019682	AT1G06130
GO:0006081	cellular aldehyde metabolic process	GO:0006081;GO:0019682	AT1G53580
GO:0006081	cellular aldehyde metabolic process	GO:0006081;GO:0019682	AT2G31350
GO:0006081	cellular aldehyde metabolic process	GO:0006081;GO:0019682	AT2G43430
GO:0006081	cellular aldehyde metabolic process	GO:0006081;GO:0019682	AT3G10850
GO:0006081	cellular aldehyde metabolic process	GO:0006081;GO:0019682	AT1G63970
GO:0006081	cellular aldehyde metabolic process	GO:0006081;GO:0019682	AT2G02500
GO:0006081	cellular aldehyde metabolic process	GO:0006081;GO:0019682	AT2G26930
GO:0006081	cellular aldehyde metabolic process	GO:0006081;GO:0019682	AT4G34350
GO:0006081	cellular aldehyde metabolic process	GO:0006081;GO:0019682	AT2G38210
GO:0006081	cellular aldehyde metabolic process	GO:0006081;GO:0019682	AT2G38230
GO:0006081	cellular aldehyde metabolic process	GO:0006081;GO:0019682	AT3G16050
GO:0006081	cellular aldehyde metabolic process	GO:0006081;GO:0019682	AT5G01410
GO:0006081	cellular aldehyde metabolic process	GO:0006081;GO:0019682	AT5G60540
GO:0006081	cellular aldehyde metabolic process	GO:0006081;GO:0019682	AT1G02205
GO:0006081	cellular aldehyde metabolic process	GO:0006081;GO:0019682	AT2G41530
GO:0006081	cellular aldehyde metabolic process	GO:0006081;GO:0019682	AT5G62790
GO:0006081	cellular aldehyde metabolic process	GO:0006081;GO:0019682	AT4G15560
GO:0006081	cellular aldehyde metabolic process	GO:0006081;GO:0019682	AT5G43940
GO:0006081	cellular aldehyde metabolic process	GO:0006081;GO:0019682	AT3G16910
GO:0006081	cellular aldehyde metabolic process	GO:0006081;GO:0019682	AT5G60600
GO:0006081	cellular aldehyde metabolic process	GO:0006081;GO:0019682	AT4G14850
GO:0006081	cellular aldehyde metabolic process	GO:0006081;GO:0019682	AT5G49970
GO:0006081	cellular aldehyde metabolic process	GO:0006081;GO:0019682	AT5G42890
GO:0006081	cellular aldehyde metabolic process	GO:0006081;GO:0019682	AT5G06580
GO:0006081	cellular aldehyde metabolic process	GO:0006081;GO:0019682	AT2G21170
GO:0006081	cellular aldehyde metabolic process	GO:0006081;GO:0019682	AT5G53580
GO:0006081	cellular aldehyde metabolic process	GO:0006081;GO:0019682	AT1G53280
GO:0006081	cellular aldehyde metabolic process	GO:0006081;GO:0019682	AT3G02720
GO:0006081	cellular aldehyde metabolic process	GO:0006081;GO:0019682	AT3G14990
GO:0006081	cellular aldehyde metabolic process	GO:0006081;GO:0019682	AT1G08110
GO:0006081	cellular aldehyde metabolic process	GO:0006081;GO:0019682	AT1G11840
GO:0006081	cellular aldehyde metabolic process	GO:0006081;GO:0019682	AT1G67280
GO:0006090	pyruvate metabolic process	GO:0006090;GO:0006096;GO:0006165;GO:0006757;GO:0009132;GO:0009135;GO:0009179;GO:0009185;GO:0046031;GO:0046939	AT1G01090
GO:0006090	pyruvate metabolic process	GO:0006090;GO:0006096;GO:0006165;GO:0006757;GO:0009132;GO:0009135;GO:0009179;GO:0009185;GO:0046031;GO:0046939	AT1G24180
GO:0006090	pyruvate metabolic process	GO:0006090;GO:0006096;GO:0006165;GO:0006757;GO:0009132;GO:0009135;GO:0009179;GO:0009185;GO:0046031;GO:0046939	AT1G59900
GO:0006090	pyruvate metabolic process	GO:0006090;GO:0006096;GO:0006165;GO:0006757;GO:0009132;GO:0009135;GO:0009179;GO:0009185;GO:0046031;GO:0046939	AT5G50850
GO:0006090	pyruvate metabolic process	GO:0006090;GO:0006096;GO:0006165;GO:0006757;GO:0009132;GO:0009135;GO:0009179;GO:0009185;GO:0046031;GO:0046939	AT1G79750
GO:0006090	pyruvate metabolic process	GO:0006090;GO:0006096;GO:0006165;GO:0006757;GO:0009132;GO:0009135;GO:0009179;GO:0009185;GO:0046031;GO:0046939	AT2G13560
GO:0006090	pyruvate metabolic process	GO:0006090;GO:0006096;GO:0006165;GO:0006757;GO:0009132;GO:0009135;GO:0009179;GO:0009185;GO:0046031;GO:0046939	AT2G19900
GO:0006090	pyruvate metabolic process	GO:0006090;GO:0006096;GO:0006165;GO:0006757;GO:0009132;GO:0009135;GO:0009179;GO:0009185;GO:0046031;GO:0046939	AT4G00570
GO:0006090	pyruvate metabolic process	GO:0006090;GO:0006096;GO:0006165;GO:0006757;GO:0009132;GO:0009135;GO:0009179;GO:0009185;GO:0046031;GO:0046939	AT5G11670
GO:0006090	pyruvate metabolic process	GO:0006090;GO:0006096;GO:0006165;GO:0006757;GO:0009132;GO:0009135;GO:0009179;GO:0009185;GO:0046031;GO:0046939	AT1G09780
GO:0006090	pyruvate metabolic process	GO:0006090;GO:0006096;GO:0006165;GO:0006757;GO:0009132;GO:0009135;GO:0009179;GO:0009185;GO:0046031;GO:0046939	AT1G12000
GO:0006090	pyruvate metabolic process	GO:0006090;GO:0006096;GO:0006165;GO:0006757;GO:0009132;GO:0009135;GO:0009179;GO:0009185;GO:0046031;GO:0046939	AT1G12900
GO:0006090	pyruvate metabolic process	GO:0006090;GO:0006096;GO:0006165;GO:0006757;GO:0009132;GO:0009135;GO:0009179;GO:0009185;GO:0046031;GO:0046939	AT1G13440
GO:0006090	pyruvate metabolic process	GO:0006090;GO:0006096;GO:0006165;GO:0006757;GO:0009132;GO:0009135;GO:0009179;GO:0009185;GO:0046031;GO:0046939	AT1G16300
GO:0006090	pyruvate metabolic process	GO:0006090;GO:0006096;GO:0006165;GO:0006757;GO:0009132;GO:0009135;GO:0009179;GO:0009185;GO:0046031;GO:0046939	AT1G18270
GO:0006090	pyruvate metabolic process	GO:0006090;GO:0006096;GO:0006165;GO:0006757;GO:0009132;GO:0009135;GO:0009179;GO:0009185;GO:0046031;GO:0046939	AT1G30120
GO:0006090	pyruvate metabolic process	GO:0006090;GO:0006096;GO:0006165;GO:0006757;GO:0009132;GO:0009135;GO:0009179;GO:0009185;GO:0046031;GO:0046939	AT1G32440
GO:0006090	pyruvate metabolic process	GO:0006090;GO:0006096;GO:0006165;GO:0006757;GO:0009132;GO:0009135;GO:0009179;GO:0009185;GO:0046031;GO:0046939	AT1G34430
GO:0006090	pyruvate metabolic process	GO:0006090;GO:0006096;GO:0006165;GO:0006757;GO:0009132;GO:0009135;GO:0009179;GO:0009185;GO:0046031;GO:0046939	AT1G42970
GO:0006090	pyruvate metabolic process	GO:0006090;GO:0006096;GO:0006165;GO:0006757;GO:0009132;GO:0009135;GO:0009179;GO:0009185;GO:0046031;GO:0046939	AT1G47840
GO:0006090	pyruvate metabolic process	GO:0006090;GO:0006096;GO:0006165;GO:0006757;GO:0009132;GO:0009135;GO:0009179;GO:0009185;GO:0046031;GO:0046939	AT1G50460
GO:0006090	pyruvate metabolic process	GO:0006090;GO:0006096;GO:0006165;GO:0006757;GO:0009132;GO:0009135;GO:0009179;GO:0009185;GO:0046031;GO:0046939	AT1G54220
GO:0006090	pyruvate metabolic process	GO:0006090;GO:0006096;GO:0006165;GO:0006757;GO:0009132;GO:0009135;GO:0009179;GO:0009185;GO:0046031;GO:0046939	AT1G56190
GO:0006090	pyruvate metabolic process	GO:0006090;GO:0006096;GO:0006165;GO:0006757;GO:0009132;GO:0009135;GO:0009179;GO:0009185;GO:0046031;GO:0046939	AT1G74030
GO:0006090	pyruvate metabolic process	GO:0006090;GO:0006096;GO:0006165;GO:0006757;GO:0009132;GO:0009135;GO:0009179;GO:0009185;GO:0046031;GO:0046939	AT1G76550
GO:0006090	pyruvate metabolic process	GO:0006090;GO:0006096;GO:0006165;GO:0006757;GO:0009132;GO:0009135;GO:0009179;GO:0009185;GO:0046031;GO:0046939	AT1G79530
GO:0006090	pyruvate metabolic process	GO:0006090;GO:0006096;GO:0006165;GO:0006757;GO:0009132;GO:0009135;GO:0009179;GO:0009185;GO:0046031;GO:0046939	AT1G79550
GO:0006090	pyruvate metabolic process	GO:0006090;GO:0006096;GO:0006165;GO:0006757;GO:0009132;GO:0009135;GO:0009179;GO:0009185;GO:0046031;GO:0046939	AT2G01140
GO:0006090	pyruvate metabolic process	GO:0006090;GO:0006096;GO:0006165;GO:0006757;GO:0009132;GO:0009135;GO:0009179;GO:0009185;GO:0046031;GO:0046939	AT2G17270
GO:0006090	pyruvate metabolic process	GO:0006090;GO:0006096;GO:0006165;GO:0006757;GO:0009132;GO:0009135;GO:0009179;GO:0009185;GO:0046031;GO:0046939	AT2G19860
GO:0006090	pyruvate metabolic process	GO:0006090;GO:0006096;GO:0006165;GO:0006757;GO:0009132;GO:0009135;GO:0009179;GO:0009185;GO:0046031;GO:0046939	AT2G21170
GO:0006090	pyruvate metabolic process	GO:0006090;GO:0006096;GO:0006165;GO:0006757;GO:0009132;GO:0009135;GO:0009179;GO:0009185;GO:0046031;GO:0046939	AT2G21330
GO:0006090	pyruvate metabolic process	GO:0006090;GO:0006096;GO:0006165;GO:0006757;GO:0009132;GO:0009135;GO:0009179;GO:0009185;GO:0046031;GO:0046939	AT2G22480
GO:0006090	pyruvate metabolic process	GO:0006090;GO:0006096;GO:0006165;GO:0006757;GO:0009132;GO:0009135;GO:0009179;GO:0009185;GO:0046031;GO:0046939	AT2G29560
GO:0006090	pyruvate metabolic process	GO:0006090;GO:0006096;GO:0006165;GO:0006757;GO:0009132;GO:0009135;GO:0009179;GO:0009185;GO:0046031;GO:0046939	AT2G34590
GO:0006090	pyruvate metabolic process	GO:0006090;GO:0006096;GO:0006165;GO:0006757;GO:0009132;GO:0009135;GO:0009179;GO:0009185;GO:0046031;GO:0046939	AT2G36460
GO:0006090	pyruvate metabolic process	GO:0006090;GO:0006096;GO:0006165;GO:0006757;GO:0009132;GO:0009135;GO:0009179;GO:0009185;GO:0046031;GO:0046939	AT2G36530
GO:0006090	pyruvate metabolic process	GO:0006090;GO:0006096;GO:0006165;GO:0006757;GO:0009132;GO:0009135;GO:0009179;GO:0009185;GO:0046031;GO:0046939	AT2G36580
GO:0006090	pyruvate metabolic process	GO:0006090;GO:0006096;GO:0006165;GO:0006757;GO:0009132;GO:0009135;GO:0009179;GO:0009185;GO:0046031;GO:0046939	AT3G04120
GO:0006090	pyruvate metabolic process	GO:0006090;GO:0006096;GO:0006165;GO:0006757;GO:0009132;GO:0009135;GO:0009179;GO:0009185;GO:0046031;GO:0046939	AT3G08590
GO:0006090	pyruvate metabolic process	GO:0006090;GO:0006096;GO:0006165;GO:0006757;GO:0009132;GO:0009135;GO:0009179;GO:0009185;GO:0046031;GO:0046939	AT3G12780
GO:0006090	pyruvate metabolic process	GO:0006090;GO:0006096;GO:0006165;GO:0006757;GO:0009132;GO:0009135;GO:0009179;GO:0009185;GO:0046031;GO:0046939	AT3G13930
GO:0006090	pyruvate metabolic process	GO:0006090;GO:0006096;GO:0006165;GO:0006757;GO:0009132;GO:0009135;GO:0009179;GO:0009185;GO:0046031;GO:0046939	AT3G20040
GO:0006090	pyruvate metabolic process	GO:0006090;GO:0006096;GO:0006165;GO:0006757;GO:0009132;GO:0009135;GO:0009179;GO:0009185;GO:0046031;GO:0046939	AT3G22960
GO:0006090	pyruvate metabolic process	GO:0006090;GO:0006096;GO:0006165;GO:0006757;GO:0009132;GO:0009135;GO:0009179;GO:0009185;GO:0046031;GO:0046939	AT3G25860
GO:0006090	pyruvate metabolic process	GO:0006090;GO:0006096;GO:0006165;GO:0006757;GO:0009132;GO:0009135;GO:0009179;GO:0009185;GO:0046031;GO:0046939	AT3G26650
GO:0006090	pyruvate metabolic process	GO:0006090;GO:0006096;GO:0006165;GO:0006757;GO:0009132;GO:0009135;GO:0009179;GO:0009185;GO:0046031;GO:0046939	AT3G49160
GO:0006090	pyruvate metabolic process	GO:0006090;GO:0006096;GO:0006165;GO:0006757;GO:0009132;GO:0009135;GO:0009179;GO:0009185;GO:0046031;GO:0046939	AT3G52200
GO:0006090	pyruvate metabolic process	GO:0006090;GO:0006096;GO:0006165;GO:0006757;GO:0009132;GO:0009135;GO:0009179;GO:0009185;GO:0046031;GO:0046939	AT3G52930
GO:0006090	pyruvate metabolic process	GO:0006090;GO:0006096;GO:0006165;GO:0006757;GO:0009132;GO:0009135;GO:0009179;GO:0009185;GO:0046031;GO:0046939	AT3G52990
GO:0006090	pyruvate metabolic process	GO:0006090;GO:0006096;GO:0006165;GO:0006757;GO:0009132;GO:0009135;GO:0009179;GO:0009185;GO:0046031;GO:0046939	AT3G55440
GO:0006090	pyruvate metabolic process	GO:0006090;GO:0006096;GO:0006165;GO:0006757;GO:0009132;GO:0009135;GO:0009179;GO:0009185;GO:0046031;GO:0046939	AT4G24620
GO:0006090	pyruvate metabolic process	GO:0006090;GO:0006096;GO:0006165;GO:0006757;GO:0009132;GO:0009135;GO:0009179;GO:0009185;GO:0046031;GO:0046939	AT4G26270
GO:0006090	pyruvate metabolic process	GO:0006090;GO:0006096;GO:0006165;GO:0006757;GO:0009132;GO:0009135;GO:0009179;GO:0009185;GO:0046031;GO:0046939	AT4G26520
GO:0006090	pyruvate metabolic process	GO:0006090;GO:0006096;GO:0006165;GO:0006757;GO:0009132;GO:0009135;GO:0009179;GO:0009185;GO:0046031;GO:0046939	AT4G29130
GO:0006090	pyruvate metabolic process	GO:0006090;GO:0006096;GO:0006165;GO:0006757;GO:0009132;GO:0009135;GO:0009179;GO:0009185;GO:0046031;GO:0046939	AT4G29220
GO:0006090	pyruvate metabolic process	GO:0006090;GO:0006096;GO:0006165;GO:0006757;GO:0009132;GO:0009135;GO:0009179;GO:0009185;GO:0046031;GO:0046939	AT4G32840
GO:0006090	pyruvate metabolic process	GO:0006090;GO:0006096;GO:0006165;GO:0006757;GO:0009132;GO:0009135;GO:0009179;GO:0009185;GO:0046031;GO:0046939	AT4G38970
GO:0006090	pyruvate metabolic process	GO:0006090;GO:0006096;GO:0006165;GO:0006757;GO:0009132;GO:0009135;GO:0009179;GO:0009185;GO:0046031;GO:0046939	AT5G08570
GO:0006090	pyruvate metabolic process	GO:0006090;GO:0006096;GO:0006165;GO:0006757;GO:0009132;GO:0009135;GO:0009179;GO:0009185;GO:0046031;GO:0046939	AT5G42740
GO:0006090	pyruvate metabolic process	GO:0006090;GO:0006096;GO:0006165;GO:0006757;GO:0009132;GO:0009135;GO:0009179;GO:0009185;GO:0046031;GO:0046939	AT5G47810
GO:0006090	pyruvate metabolic process	GO:0006090;GO:0006096;GO:0006165;GO:0006757;GO:0009132;GO:0009135;GO:0009179;GO:0009185;GO:0046031;GO:0046939	AT5G52920
GO:0006090	pyruvate metabolic process	GO:0006090;GO:0006096;GO:0006165;GO:0006757;GO:0009132;GO:0009135;GO:0009179;GO:0009185;GO:0046031;GO:0046939	AT5G56350
GO:0006090	pyruvate metabolic process	GO:0006090;GO:0006096;GO:0006165;GO:0006757;GO:0009132;GO:0009135;GO:0009179;GO:0009185;GO:0046031;GO:0046939	AT5G56630
GO:0006090	pyruvate metabolic process	GO:0006090;GO:0006096;GO:0006165;GO:0006757;GO:0009132;GO:0009135;GO:0009179;GO:0009185;GO:0046031;GO:0046939	AT5G61580
GO:0006090	pyruvate metabolic process	GO:0006090;GO:0006096;GO:0006165;GO:0006757;GO:0009132;GO:0009135;GO:0009179;GO:0009185;GO:0046031;GO:0046939	AT5G63680
GO:0006090	pyruvate metabolic process	GO:0006090;GO:0006096;GO:0006165;GO:0006757;GO:0009132;GO:0009135;GO:0009179;GO:0009185;GO:0046031;GO:0046939	AT1G63970
GO:0006090	pyruvate metabolic process	GO:0006090;GO:0006096;GO:0006165;GO:0006757;GO:0009132;GO:0009135;GO:0009179;GO:0009185;GO:0046031;GO:0046939	AT2G02500
GO:0006090	pyruvate metabolic process	GO:0006090;GO:0006096;GO:0006165;GO:0006757;GO:0009132;GO:0009135;GO:0009179;GO:0009185;GO:0046031;GO:0046939	AT2G26930
GO:0006090	pyruvate metabolic process	GO:0006090;GO:0006096;GO:0006165;GO:0006757;GO:0009132;GO:0009135;GO:0009179;GO:0009185;GO:0046031;GO:0046939	AT4G34350
GO:0006090	pyruvate metabolic process	GO:0006090;GO:0006096;GO:0006165;GO:0006757;GO:0009132;GO:0009135;GO:0009179;GO:0009185;GO:0046031;GO:0046939	AT5G62790
GO:0006090	pyruvate metabolic process	GO:0006090;GO:0006096;GO:0006165;GO:0006757;GO:0009132;GO:0009135;GO:0009179;GO:0009185;GO:0046031;GO:0046939	AT3G16950
GO:0006090	pyruvate metabolic process	GO:0006090;GO:0006096;GO:0006165;GO:0006757;GO:0009132;GO:0009135;GO:0009179;GO:0009185;GO:0046031;GO:0046939	AT4G15560
GO:0006090	pyruvate metabolic process	GO:0006090;GO:0006096;GO:0006165;GO:0006757;GO:0009132;GO:0009135;GO:0009179;GO:0009185;GO:0046031;GO:0046939	AT5G60600
GO:0006090	pyruvate metabolic process	GO:0006090;GO:0006096;GO:0006165;GO:0006757;GO:0009132;GO:0009135;GO:0009179;GO:0009185;GO:0046031;GO:0046939	AT4G14850
GO:0006090	pyruvate metabolic process	GO:0006090;GO:0006096;GO:0006165;GO:0006757;GO:0009132;GO:0009135;GO:0009179;GO:0009185;GO:0046031;GO:0046939	AT3G62130
GO:0006090	pyruvate metabolic process	GO:0006090;GO:0006096;GO:0006165;GO:0006757;GO:0009132;GO:0009135;GO:0009179;GO:0009185;GO:0046031;GO:0046939	AT1G17410
GO:0006090	pyruvate metabolic process	GO:0006090;GO:0006096;GO:0006165;GO:0006757;GO:0009132;GO:0009135;GO:0009179;GO:0009185;GO:0046031;GO:0046939	AT4G11010
GO:0006090	pyruvate metabolic process	GO:0006090;GO:0006096;GO:0006165;GO:0006757;GO:0009132;GO:0009135;GO:0009179;GO:0009185;GO:0046031;GO:0046939	AT4G23900
GO:0006090	pyruvate metabolic process	GO:0006090;GO:0006096;GO:0006165;GO:0006757;GO:0009132;GO:0009135;GO:0009179;GO:0009185;GO:0046031;GO:0046939	AT5G63310
GO:0006090	pyruvate metabolic process	GO:0006090;GO:0006096;GO:0006165;GO:0006757;GO:0009132;GO:0009135;GO:0009179;GO:0009185;GO:0046031;GO:0046939	AT4G09320
GO:0006090	pyruvate metabolic process	GO:0006090;GO:0006096;GO:0006165;GO:0006757;GO:0009132;GO:0009135;GO:0009179;GO:0009185;GO:0046031;GO:0046939	AT5G59440
GO:0006090	pyruvate metabolic process	GO:0006090;GO:0006096;GO:0006165;GO:0006757;GO:0009132;GO:0009135;GO:0009179;GO:0009185;GO:0046031;GO:0046939	AT3G23580
GO:0006090	pyruvate metabolic process	GO:0006090;GO:0006096;GO:0006165;GO:0006757;GO:0009132;GO:0009135;GO:0009179;GO:0009185;GO:0046031;GO:0046939	AT3G27060
GO:0006090	pyruvate metabolic process	GO:0006090;GO:0006096;GO:0006165;GO:0006757;GO:0009132;GO:0009135;GO:0009179;GO:0009185;GO:0046031;GO:0046939	AT4G25280
GO:0006090	pyruvate metabolic process	GO:0006090;GO:0006096;GO:0006165;GO:0006757;GO:0009132;GO:0009135;GO:0009179;GO:0009185;GO:0046031;GO:0046939	AT5G60340
GO:0006865	amino acid transport	GO:0003333;GO:0006865	AT1G05940
GO:0006865	amino acid transport	GO:0003333;GO:0006865	AT1G17120
GO:0006865	amino acid transport	GO:0003333;GO:0006865	AT1G58030
GO:0006865	amino acid transport	GO:0003333;GO:0006865	AT1G77380
GO:0006865	amino acid transport	GO:0003333;GO:0006865	AT1G77690
GO:0006865	amino acid transport	GO:0003333;GO:0006865	AT2G01170
GO:0006865	amino acid transport	GO:0003333;GO:0006865	AT2G21050
GO:0006865	amino acid transport	GO:0003333;GO:0006865	AT2G34960
GO:0006865	amino acid transport	GO:0003333;GO:0006865	AT2G38120
GO:0006865	amino acid transport	GO:0003333;GO:0006865	AT2G42005
GO:0006865	amino acid transport	GO:0003333;GO:0006865	AT3G03720
GO:0006865	amino acid transport	GO:0003333;GO:0006865	AT3G13620
GO:0006865	amino acid transport	GO:0003333;GO:0006865	AT3G19553
GO:0006865	amino acid transport	GO:0003333;GO:0006865	AT4G21120
GO:0006865	amino acid transport	GO:0003333;GO:0006865	AT4G35180
GO:0006865	amino acid transport	GO:0003333;GO:0006865	AT5G01240
GO:0006865	amino acid transport	GO:0003333;GO:0006865	AT5G04770
GO:0006865	amino acid transport	GO:0003333;GO:0006865	AT5G23810
GO:0006865	amino acid transport	GO:0003333;GO:0006865	AT5G36940
GO:0006865	amino acid transport	GO:0003333;GO:0006865	AT5G65990
GO:0006865	amino acid transport	GO:0003333;GO:0006865	AT1G58360
GO:0006865	amino acid transport	GO:0003333;GO:0006865	AT1G01070
GO:0006865	amino acid transport	GO:0003333;GO:0006865	AT2G39510
GO:0006865	amino acid transport	GO:0003333;GO:0006865	AT2G40900
GO:0006865	amino acid transport	GO:0003333;GO:0006865	AT4G01430
GO:0006865	amino acid transport	GO:0003333;GO:0006865	AT1G44100
GO:0006865	amino acid transport	GO:0003333;GO:0006865	AT5G09220
GO:0006865	amino acid transport	GO:0003333;GO:0006865	AT5G46800
GO:0006865	amino acid transport	GO:0003333;GO:0006865	AT1G24400
GO:0006865	amino acid transport	GO:0003333;GO:0006865	AT1G25530
GO:0006865	amino acid transport	GO:0003333;GO:0006865	AT1G47670
GO:0006865	amino acid transport	GO:0003333;GO:0006865	AT1G80510
GO:0006865	amino acid transport	GO:0003333;GO:0006865	AT2G24762
GO:0006865	amino acid transport	GO:0003333;GO:0006865	AT2G36590
GO:0006865	amino acid transport	GO:0003333;GO:0006865	AT2G39890
GO:0006865	amino acid transport	GO:0003333;GO:0006865	AT2G40420
GO:0006865	amino acid transport	GO:0003333;GO:0006865	AT2G41190
GO:0006865	amino acid transport	GO:0003333;GO:0006865	AT3G11900
GO:0006865	amino acid transport	GO:0003333;GO:0006865	AT3G30390
GO:0006865	amino acid transport	GO:0003333;GO:0006865	AT3G55740
GO:0006865	amino acid transport	GO:0003333;GO:0006865	AT3G56200
GO:0006865	amino acid transport	GO:0003333;GO:0006865	AT4G38250
GO:0006865	amino acid transport	GO:0003333;GO:0006865	AT5G02170
GO:0006865	amino acid transport	GO:0003333;GO:0006865	AT5G02180
GO:0006865	amino acid transport	GO:0003333;GO:0006865	AT5G15240
GO:0006865	amino acid transport	GO:0003333;GO:0006865	AT5G19500
GO:0006865	amino acid transport	GO:0003333;GO:0006865	AT5G40780
GO:0006865	amino acid transport	GO:0003333;GO:0006865	AT5G41800
GO:0006865	amino acid transport	GO:0003333;GO:0006865	AT5G57685
GO:0006865	amino acid transport	GO:0003333;GO:0006865	AT1G21890
GO:0006865	amino acid transport	GO:0003333;GO:0006865	AT2G37450
GO:0006865	amino acid transport	GO:0003333;GO:0006865	AT2G37460
GO:0006865	amino acid transport	GO:0003333;GO:0006865	AT4G08290
GO:0006865	amino acid transport	GO:0003333;GO:0006865	AT4G08300
GO:0006865	amino acid transport	GO:0003333;GO:0006865	AT5G13670
GO:0006865	amino acid transport	GO:0003333;GO:0006865	AT5G49630
GO:0006865	amino acid transport	GO:0003333;GO:0006865	AT5G64290
GO:0006865	amino acid transport	GO:0003333;GO:0006865	AT4G31730
GO:0006865	amino acid transport	GO:0003333;GO:0006865	AT1G08230
GO:0006865	amino acid transport	GO:0003333;GO:0006865	AT1G79900
GO:0006865	amino acid transport	GO:0003333;GO:0006865	AT1G44800
GO:0006865	amino acid transport	GO:0003333;GO:0006865	AT5G63850
GO:0055081	anion homeostasis	GO:0055081	AT5G41080
GO:0055081	anion homeostasis	GO:0055081	AT5G43300
GO:0055081	anion homeostasis	GO:0055081	AT1G21890
GO:0055081	anion homeostasis	GO:0055081	AT2G37450
GO:0055081	anion homeostasis	GO:0055081	AT2G37460
GO:0055081	anion homeostasis	GO:0055081	AT2G39510
GO:0055081	anion homeostasis	GO:0055081	AT4G08290
GO:0055081	anion homeostasis	GO:0055081	AT4G08300
GO:0055081	anion homeostasis	GO:0055081	AT5G13670
GO:0055081	anion homeostasis	GO:0055081	AT3G17790
GO:0055081	anion homeostasis	GO:0055081	AT5G42810
GO:0055081	anion homeostasis	GO:0055081	AT5G26240
GO:0055081	anion homeostasis	GO:0055081	AT5G04340
GO:0055081	anion homeostasis	GO:0055081	AT2G33770
GO:0055081	anion homeostasis	GO:0055081	AT1G16300
GO:0055081	anion homeostasis	GO:0055081	AT1G79530
GO:0055081	anion homeostasis	GO:0055081	AT5G34850
GO:0055081	anion homeostasis	GO:0055081	AT2G41560
GO:0055081	anion homeostasis	GO:0055081	AT4G24160
GO:0055081	anion homeostasis	GO:0055081	AT4G28610
GO:0055081	anion homeostasis	GO:0055081	AT1G66970
GO:0055081	anion homeostasis	GO:0055081	AT3G02040
GO:0055081	anion homeostasis	GO:0055081	AT2G38170
GO:0055081	anion homeostasis	GO:0055081	AT3G51860
GO:0055081	anion homeostasis	GO:0055081	AT2G13100
GO:0055081	anion homeostasis	GO:0055081	AT3G47420
GO:0055081	anion homeostasis	GO:0055081	AT4G25220
GO:0055081	anion homeostasis	GO:0055081	AT3G09770
GO:0055081	anion homeostasis	GO:0055081	AT1G44800
GO:0055081	anion homeostasis	GO:0055081	AT5G58070
GO:0055081	anion homeostasis	GO:0055081	AT1G58030
GO:0055081	anion homeostasis	GO:0055081	AT1G42550
GO:0055081	anion homeostasis	GO:0055081	AT1G07240
GO:0055081	anion homeostasis	GO:0055081	AT1G63010
GO:0055081	anion homeostasis	GO:0055081	AT1G68670
GO:0055081	anion homeostasis	GO:0055081	AT1G68570
GO:0055081	anion homeostasis	GO:0055081	AT1G36370
GO:0055081	anion homeostasis	GO:0055081	AT3G02610
GO:0055081	anion homeostasis	GO:0055081	AT5G16230
GO:0010193	response to ozone	GO:0010193	AT3G10985
GO:0010193	response to ozone	GO:0010193	AT2G46370
GO:0010193	response to ozone	GO:0010193	AT1G32230
GO:0010193	response to ozone	GO:0010193	AT1G51400
GO:0010193	response to ozone	GO:0010193	AT3G17800
GO:0010193	response to ozone	GO:0010193	AT3G05970
GO:0010193	response to ozone	GO:0010193	AT5G27600
GO:0010193	response to ozone	GO:0010193	AT1G19570
GO:0010193	response to ozone	GO:0010193	AT2G06050
GO:0010193	response to ozone	GO:0010193	AT2G39770
GO:0010193	response to ozone	GO:0010193	AT4G23100
GO:0010193	response to ozone	GO:0010193	AT5G55120
GO:0010193	response to ozone	GO:0010193	AT4G12720
GO:0010193	response to ozone	GO:0010193	AT3G06110
GO:0010193	response to ozone	GO:0010193	AT5G49570
GO:0010193	response to ozone	GO:0010193	AT1G12480
GO:0010193	response to ozone	GO:0010193	AT1G15520
GO:0010193	response to ozone	GO:0010193	AT1G72520
GO:0010193	response to ozone	GO:0010193	AT3G02840
GO:0010193	response to ozone	GO:0010193	AT3G47450
GO:0010193	response to ozone	GO:0010193	AT5G42380
GO:0010193	response to ozone	GO:0010193	AT1G08830
GO:0010193	response to ozone	GO:0010193	AT1G53130
GO:0010193	response to ozone	GO:0010193	AT1G70520
GO:0010193	response to ozone	GO:0010193	AT3G23400
GO:0010193	response to ozone	GO:0010193	AT1G11650
GO:0010193	response to ozone	GO:0010193	AT4G23810
GO:0010193	response to ozone	GO:0010193	AT5G24110
GO:0010193	response to ozone	GO:0010193	AT4G00860
GO:0010193	response to ozone	GO:0010193	AT4G25100
GO:0010193	response to ozone	GO:0010193	AT2G28190
GO:0010193	response to ozone	GO:0010193	AT5G18100
GO:0071495	cellular response to endogenous stimulus	GO:0032870;GO:0071396;GO:0071495	AT3G62680
GO:0071495	cellular response to endogenous stimulus	GO:0032870;GO:0071396;GO:0071495	AT2G46370
GO:0071495	cellular response to endogenous stimulus	GO:0032870;GO:0071396;GO:0071495	AT5G54500
GO:0071495	cellular response to endogenous stimulus	GO:0032870;GO:0071396;GO:0071495	AT4G39403
GO:0071495	cellular response to endogenous stimulus	GO:0032870;GO:0071396;GO:0071495	AT1G10930
GO:0071495	cellular response to endogenous stimulus	GO:0032870;GO:0071396;GO:0071495	AT3G13300
GO:0071495	cellular response to endogenous stimulus	GO:0032870;GO:0071396;GO:0071495	AT1G12240
GO:0071495	cellular response to endogenous stimulus	GO:0032870;GO:0071396;GO:0071495	AT1G62660
GO:0071495	cellular response to endogenous stimulus	GO:0032870;GO:0071396;GO:0071495	AT5G13790
GO:0071495	cellular response to endogenous stimulus	GO:0032870;GO:0071396;GO:0071495	AT1G05200
GO:0071495	cellular response to endogenous stimulus	GO:0032870;GO:0071396;GO:0071495	AT1G28560
GO:0071495	cellular response to endogenous stimulus	GO:0032870;GO:0071396;GO:0071495	AT2G26300
GO:0071495	cellular response to endogenous stimulus	GO:0032870;GO:0071396;GO:0071495	AT4G23570
GO:0071495	cellular response to endogenous stimulus	GO:0032870;GO:0071396;GO:0071495	AT5G10520
GO:0071495	cellular response to endogenous stimulus	GO:0032870;GO:0071396;GO:0071495	AT3G07360
GO:0071495	cellular response to endogenous stimulus	GO:0032870;GO:0071396;GO:0071495	AT1G03880
GO:0071495	cellular response to endogenous stimulus	GO:0032870;GO:0071396;GO:0071495	AT4G28520
GO:0071495	cellular response to endogenous stimulus	GO:0032870;GO:0071396;GO:0071495	AT5G44120
GO:0071495	cellular response to endogenous stimulus	GO:0032870;GO:0071396;GO:0071495	AT3G15356
GO:0071495	cellular response to endogenous stimulus	GO:0032870;GO:0071396;GO:0071495	AT4G36830
GO:0071495	cellular response to endogenous stimulus	GO:0032870;GO:0071396;GO:0071495	AT5G54060
GO:0071495	cellular response to endogenous stimulus	GO:0032870;GO:0071396;GO:0071495	AT1G21410
GO:0071495	cellular response to endogenous stimulus	GO:0032870;GO:0071396;GO:0071495	AT4G32040
GO:0071495	cellular response to endogenous stimulus	GO:0032870;GO:0071396;GO:0071495	AT1G59870
GO:0071495	cellular response to endogenous stimulus	GO:0032870;GO:0071396;GO:0071495	AT3G53480
GO:0071495	cellular response to endogenous stimulus	GO:0032870;GO:0071396;GO:0071495	AT1G21140
GO:0071495	cellular response to endogenous stimulus	GO:0032870;GO:0071396;GO:0071495	AT1G49820
GO:0071495	cellular response to endogenous stimulus	GO:0032870;GO:0071396;GO:0071495	AT1G76800
GO:0071495	cellular response to endogenous stimulus	GO:0032870;GO:0071396;GO:0071495	AT2G05830
GO:0071495	cellular response to endogenous stimulus	GO:0032870;GO:0071396;GO:0071495	AT2G28160
GO:0071495	cellular response to endogenous stimulus	GO:0032870;GO:0071396;GO:0071495	AT3G08040
GO:0071495	cellular response to endogenous stimulus	GO:0032870;GO:0071396;GO:0071495	AT3G25190
GO:0071495	cellular response to endogenous stimulus	GO:0032870;GO:0071396;GO:0071495	AT3G53280
GO:0071495	cellular response to endogenous stimulus	GO:0032870;GO:0071396;GO:0071495	AT4G19690
GO:0071495	cellular response to endogenous stimulus	GO:0032870;GO:0071396;GO:0071495	AT5G04950
GO:0071495	cellular response to endogenous stimulus	GO:0032870;GO:0071396;GO:0071495	AT5G36890
GO:0071495	cellular response to endogenous stimulus	GO:0032870;GO:0071396;GO:0071495	AT5G55620
GO:0071495	cellular response to endogenous stimulus	GO:0032870;GO:0071396;GO:0071495	AT1G05680
GO:0071495	cellular response to endogenous stimulus	GO:0032870;GO:0071396;GO:0071495	AT5G13170
GO:0071495	cellular response to endogenous stimulus	GO:0032870;GO:0071396;GO:0071495	AT1G18080
GO:0071495	cellular response to endogenous stimulus	GO:0032870;GO:0071396;GO:0071495	AT1G48630
GO:0071495	cellular response to endogenous stimulus	GO:0032870;GO:0071396;GO:0071495	AT3G18130
GO:0071495	cellular response to endogenous stimulus	GO:0032870;GO:0071396;GO:0071495	AT3G55620
GO:0071495	cellular response to endogenous stimulus	GO:0032870;GO:0071396;GO:0071495	AT1G72360
GO:0071495	cellular response to endogenous stimulus	GO:0032870;GO:0071396;GO:0071495	AT2G41230
GO:0071495	cellular response to endogenous stimulus	GO:0032870;GO:0071396;GO:0071495	AT5G28770
GO:0071495	cellular response to endogenous stimulus	GO:0032870;GO:0071396;GO:0071495	AT2G05070
GO:0071495	cellular response to endogenous stimulus	GO:0032870;GO:0071396;GO:0071495	AT4G21540
GO:0071495	cellular response to endogenous stimulus	GO:0032870;GO:0071396;GO:0071495	AT1G71930
GO:0071495	cellular response to endogenous stimulus	GO:0032870;GO:0071396;GO:0071495	AT3G59900
GO:0071495	cellular response to endogenous stimulus	GO:0032870;GO:0071396;GO:0071495	AT1G64625
GO:0071495	cellular response to endogenous stimulus	GO:0032870;GO:0071396;GO:0071495	AT3G16857
GO:0071495	cellular response to endogenous stimulus	GO:0032870;GO:0071396;GO:0071495	AT4G16110
GO:0071495	cellular response to endogenous stimulus	GO:0032870;GO:0071396;GO:0071495	AT4G31920
GO:0071495	cellular response to endogenous stimulus	GO:0032870;GO:0071396;GO:0071495	AT1G19350
GO:0071495	cellular response to endogenous stimulus	GO:0032870;GO:0071396;GO:0071495	AT5G17800
GO:0071495	cellular response to endogenous stimulus	GO:0032870;GO:0071396;GO:0071495	AT4G30290
GO:0071495	cellular response to endogenous stimulus	GO:0032870;GO:0071396;GO:0071495	AT5G48070
GO:0071495	cellular response to endogenous stimulus	GO:0032870;GO:0071396;GO:0071495	AT1G79200
GO:0071495	cellular response to endogenous stimulus	GO:0032870;GO:0071396;GO:0071495	AT1G61660
GO:0071495	cellular response to endogenous stimulus	GO:0032870;GO:0071396;GO:0071495	AT5G58787
GO:0071495	cellular response to endogenous stimulus	GO:0032870;GO:0071396;GO:0071495	AT2G23070
GO:0071495	cellular response to endogenous stimulus	GO:0032870;GO:0071396;GO:0071495	AT4G32330
GO:0071495	cellular response to endogenous stimulus	GO:0032870;GO:0071396;GO:0071495	AT2G43140
GO:0071495	cellular response to endogenous stimulus	GO:0032870;GO:0071396;GO:0071495	AT3G53970
GO:0071495	cellular response to endogenous stimulus	GO:0032870;GO:0071396;GO:0071495	AT4G00830
GO:0071495	cellular response to endogenous stimulus	GO:0032870;GO:0071396;GO:0071495	AT1G22530
GO:0071495	cellular response to endogenous stimulus	GO:0032870;GO:0071396;GO:0071495	AT1G30690
GO:0071495	cellular response to endogenous stimulus	GO:0032870;GO:0071396;GO:0071495	AT3G51670
GO:0071495	cellular response to endogenous stimulus	GO:0032870;GO:0071396;GO:0071495	AT4G09160
GO:0071495	cellular response to endogenous stimulus	GO:0032870;GO:0071396;GO:0071495	AT2G32800
GO:0071495	cellular response to endogenous stimulus	GO:0032870;GO:0071396;GO:0071495	AT1G05010
GO:0071495	cellular response to endogenous stimulus	GO:0032870;GO:0071396;GO:0071495	AT1G12010
GO:0071495	cellular response to endogenous stimulus	GO:0032870;GO:0071396;GO:0071495	AT1G62380
GO:0071495	cellular response to endogenous stimulus	GO:0032870;GO:0071396;GO:0071495	AT2G19590
GO:0071495	cellular response to endogenous stimulus	GO:0032870;GO:0071396;GO:0071495	AT3G03990
GO:0071495	cellular response to endogenous stimulus	GO:0032870;GO:0071396;GO:0071495	AT3G08850
GO:0071495	cellular response to endogenous stimulus	GO:0032870;GO:0071396;GO:0071495	AT5G01770
GO:0071495	cellular response to endogenous stimulus	GO:0032870;GO:0071396;GO:0071495	AT2G33580
GO:0071495	cellular response to endogenous stimulus	GO:0032870;GO:0071396;GO:0071495	AT3G21630
GO:0071495	cellular response to endogenous stimulus	GO:0032870;GO:0071396;GO:0071495	AT5G60300
GO:0071495	cellular response to endogenous stimulus	GO:0032870;GO:0071396;GO:0071495	AT5G66850
